{"stats":{"minecraft:dropped":{"minecraft:enchanted_book":1},"minecraft:mined":{"minecraft:short_grass":1,"minecraft:cracked_deepslate_tiles":1,"minecraft:reinforced_deepslate":1,"minecraft:powder_snow":1},"minecraft:used":{"minecraft:oxidized_copper_bulb":6,"minecraft:netherite_sword":41,"minecraft:netherite_pickaxe":2},"minecraft:killed":{"minecraft:warden":1},"minecraft:custom":{"minecraft:time_since_rest":2956,"minecraft:open_chest":7,"minecraft:deaths":3,"minecraft:sprint_one_cm":11487,"minecraft:play_time":29123,"minecraft:walk_one_cm":11747,"minecraft:damage_taken":30,"minecraft:sneak_time":2226,"minecraft:walk_under_water_one_cm":106,"minecraft:mob_kills":1,"minecraft:drop":1,"minecraft:jump":125,"minecraft:damage_dealt":5073,"minecraft:leave_game":2,"minecraft:time_since_death":2926,"minecraft:walk_on_water_one_cm":211,"minecraft:total_world_time":29123,"minecraft:fall_one_cm":989,"minecraft:fly_one_cm":604652,"minecraft:player_kills":1},"minecraft:picked_up":{"minecraft:wheat_seeds":1,"minecraft:enchanted_book":1,"minecraft:sculk_catalyst":1}},"DataVersion":3955}