{"stats":{"minecraft:mined":{"minecraft:short_grass":1,"minecraft:powder_snow":1},"minecraft:used":{"minecraft:oxidized_copper_bulb":6},"minecraft:custom":{"minecraft:jump":54,"minecraft:open_chest":1,"minecraft:time_since_rest":11869,"minecraft:walk_on_water_one_cm":211,"minecraft:damage_dealt":75,"minecraft:damage_taken":30,"minecraft:leave_game":1,"minecraft:play_time":22227,"minecraft:sprint_one_cm":10530,"minecraft:time_since_death":11839,"minecraft:walk_one_cm":9467,"minecraft:deaths":1,"minecraft:sneak_time":1944,"minecraft:total_world_time":22227,"minecraft:walk_under_water_one_cm":106,"minecraft:fall_one_cm":778,"minecraft:fly_one_cm":540307,"minecraft:player_kills":1},"minecraft:picked_up":{"minecraft:wheat_seeds":1}},"DataVersion":3955}