{"stats":{"minecraft:picked_up":{"minecraft:dirt":1},"minecraft:custom":{"minecraft:jump":87,"minecraft:time_since_rest":58,"minecraft:deaths":1,"minecraft:damage_taken":75,"minecraft:leave_game":2,"minecraft:play_time":9908,"minecraft:sprint_one_cm":9221,"minecraft:time_since_death":33,"minecraft:walk_on_water_one_cm":292,"minecraft:walk_one_cm":1627,"minecraft:sneak_time":25,"minecraft:total_world_time":9908,"minecraft:climb_one_cm":142,"minecraft:walk_under_water_one_cm":250,"minecraft:swim_one_cm":780,"minecraft:fly_one_cm":114601},"minecraft:mined":{"minecraft:grass_block":1},"minecraft:killed_by":{"minecraft:player":1}},"DataVersion":3955}