{
  "minecraft:recipes/decorations/crafting_table": {
    "criteria": {
      "unlock_right_away": "2024-10-21 02:44:12 +0000"
    },
    "done": true
  },
  "minecraft:adventure/adventuring_time": {
    "criteria": {
      "minecraft:stony_peaks": "2024-10-21 02:47:27 +0000",
      "minecraft:dark_forest": "2024-10-22 16:06:06 +0000",
      "minecraft:forest": "2024-10-21 02:47:10 +0000",
      "minecraft:sparse_jungle": "2024-10-21 02:46:30 +0000",
      "minecraft:river": "2024-10-21 02:45:54 +0000",
      "minecraft:stony_shore": "2024-10-21 02:45:52 +0000",
      "minecraft:lush_caves": "2024-10-22 16:06:40 +0000",
      "minecraft:frozen_peaks": "2024-10-22 15:58:16 +0000",
      "minecraft:old_growth_birch_forest": "2024-10-21 02:44:13 +0000",
      "minecraft:deep_dark": "2024-10-22 16:07:01 +0000",
      "minecraft:jungle": "2024-10-21 02:46:25 +0000",
      "minecraft:ocean": "2024-10-22 15:58:29 +0000",
      "minecraft:grove": "2024-10-21 02:44:25 +0000",
      "minecraft:meadow": "2024-10-21 02:47:24 +0000",
      "minecraft:birch_forest": "2024-10-21 02:45:32 +0000",
      "minecraft:plains": "2024-10-21 02:47:08 +0000",
      "minecraft:jagged_peaks": "2024-10-21 02:47:33 +0000"
    },
    "done": false
  },
  "minecraft:recipes/building_blocks/waxed_oxidized_copper_bulb_from_honeycomb": {
    "criteria": {
      "has_oxidized_copper_bulb": "2024-10-21 02:46:11 +0000"
    },
    "done": true
  },
  "minecraft:adventure/root": {
    "criteria": {
      "killed_something": "2024-10-21 02:52:50 +0000"
    },
    "done": true
  },
  "DataVersion": 3955
}